1, กระบี่, โรงเรียนอนุบาลกระบี่ ถนนท่าเรือ อำเภอเมืองกระบี่
2, กระบี่, โรงเรียนอ่าวลึกประชาสรรค์ อำเภออ่าวลึก
3, กระบี่, หอประชุมโรงเรียนคลองท่อมราษฎร์รังสรรค์ อำเภอคลองท่อม
1, กรุงเทพ, บริเวณลานจอดรถสำนักงานเขตพระนคร
1, กรุงเทพ, บริเวณสำนักงานเขตป้อมปราบศัตรูพ่าย
1, กรุงเทพ, บริเวณสำนักงานเขตสัมพันธวงศ์
1, กรุงเทพ, บริเวณภายในวชิราวุธวิทยาลัย
1, กรุงเทพ, บริเวณสโมสรสมาคมใหหนำแห่งประเทศไทย
2, กรุงเทพ, บริเวณสมาคมแต้จิ๋วแห่งประเทศไทย
2, กรุงเทพ, รอยัล พารากอน ฮอลล์ ชั้น 5 ศูนย์การค้าสยามพารากอน
2, กรุงเทพ, บริเวณสำนักงานเขตราชเทวี
3, กรุงเทพ, โรงจอดรถ ชั้น 1 สำนักงานเขตบางคอแหลม
3, กรุงเทพ, เต็นท์ลานจอดรถโลตัสพระราม3(ฝั่งถนนนราธิวาสราชนครินทร์)
4, กรุงเทพ, บริเวณสำนักงานเขตคลองเตย
4, กรุงเทพ, ลานจอดรถวัดธาตุทอง พระอารามหลวง
5, กรุงเทพ, อาคารและเต้นท์บริเวณสำนักงานเขตห้วยขวาง
5, กรุงเทพ, โรงเรียนบดินทรเดชา (สิงห์ สิงหเสนี)
6, กรุงเทพ, อาคารกีฬาเวสน์ 1 และ อาคารกีฬาเวสน์ 2 ศูนย์เยาวชนกรุงเทพมหานคร (ไทย-ญี่ปุ่น) ดินแดง
6, กรุงเทพ, อาคารลานอเนกประสงค์ กรมประชาสัมพันธ์
7, กรุงเทพ, บริเวณสำนักงานเขตบางซื่อ
7, กรุงเทพ, บริเวณภายในวชิราวุธวิทยาลัย
8, กรุงเทพ, บริเวณสำนักงานเขตหลักสี่
8, กรุงเทพ, มหาวิทยาลัยราชภัฏจันทรเกษม
9, กรุงเทพ, บริเวณสำนักงานเขตหลักสี่
9, กรุงเทพ, บริเวณลานจอดรถสำนักงานเขตบางเขน
9, กรุงเทพ, มหาวิทยาลัยราชภัฏจันทรเกษม
10, กรุงเทพ, บริเวณวิทยาลัยเทคนิคดอนเมือง
11, กรุงเทพ, เต็นท์บริเวณลานจอดรถสำนักงานเขตสายไหม
12, กรุงเทพ, เต็นท์บริเวณลานจอดรถสำนักงานเขตสายไหม
12, กรุงเทพ, เต็นท์บริเวณลานจอดรถสำนักงานเขตบางเขน
12, กรุงเทพ, เต๊นท์บริเวณลานสอนขับรถยนต์ข้างสำนักงานเขตลาดพร้าว
13, กรุงเทพ, เต๊นท์บริเวณลานสอนขับรถยนต์ข้างสำนักงานเขตลาดพร้าว (ถนนนาคนิวาส)
13, กรุงเทพ, บริเวณสำนักงานเขตบึงกุ่ม
14, กรุงเทพ, บริเวณมหาวิทยาลัยรามคำแหง (หัวหมาก)
14, กรุงเทพ, บริเวณโรงเรียนบดินทรเดชา (สิงห์ สิงหเสนี)
15, กรุงเทพ, บริเวณสำนักงานเขตคันนายาว
15, กรุงเทพ, บริเวณสำนักงานเขตบึงกุ่ม
16, กรุงเทพ, บริเวณลานจอดรถ สำนักงานเขตคลองสามวา
17, กรุงเทพ, บริเวณลานจอดรถ สำนักงานเขตคลองสามวา
17, กรุงเทพ, บริเวณลานจอดรถ สำนักงานเขตคลองสามวา
18, กรุงเทพ, โรงเรียนวัดหนองจอก (ภักดีนรเศรษฐ)
18, กรุงเทพ, สำนักงานเขตลาดกระบัง (ชั่วคราว) ระหว่างซอยลาดกระบัง 9/1 และ ซอยลาดกระบัง 9/2
18, กรุงเทพ, บริเวณสวนเฉลิมพระเกียรติ ร.9 และโรงเรียนมีนบุรี
19, กรุงเทพ, บริเวณสำนักงานเขตสะพานสูง
19, กรุงเทพ, บริเวณสวนเฉลิมพระเกียรติ ร.9
20, กรุงเทพ, สำนักงานเขตลาดกระบัง (ชั่วคราว) ระหว่างซอยลาดกระบัง 9/1 และซอย ลาดกระบัง 9/2
21, กรุงเทพ, .บริเวณสำนักงานเขตสะพานสูง
21, กรุงเทพ, โรงเรียนมัธยมสุวิทย์เสรีอนุสรณ์
22, กรุงเทพ, โรงเรียนมัธยมสุวิทย์เสรีอนุสรณ์
22, กรุงเทพ, โรงเรียนเตรียมอุดมศึกษาพัฒนาการ
23, กรุงเทพ, โรงเรียนพระโขนงพิทยาลัย
23, กรุงเทพ, บริเวณสำนักงานเขตบางนา
24, กรุงเทพ, บริเวณสวนป่าเฉลิมพระเกียรติใต้สะพานสมเด็จพระเจ้าตากสินมหาราช
24, กรุงเทพ, บริเวณสำนักงานเขตราษฎร์บูรณะ และบริเวณวัดราษฎร์บูรณะ
24, กรุงเทพ, ศูนย์เยาวชนวัดเวฬุราชิณ
25, กรุงเทพ, .ศูนย์กีฬาเฉลิมพระเกียรติ ฯ
25, กรุงเทพ, บริเวณสำนักงานเขตราษฎร์บูรณะและบริเวณวัดราษฎร์บูรณะ
26, กรุงเทพ, บริเวณพื้นที่สำนักงานเขตจอมทอง
26, กรุงเทพ, ห้องพระราม 2 ฮอลล์ ชั้น 4 ศูนย์การค้าเซ็นทรัลพลาซา พระราม 2
27, กรุงเทพ, ห้องพระราม 2 ฮอลล์ ชั้น 4 ศูนย์การค้าเซ็นทรัลพลาซา พระราม 2
27, กรุงเทพ, บริเวณสำนักงานเขตบางบอน
28, กรุงเทพ, บริเวณสำนักงานเขตหนองแขม
28, กรุงเทพ, บริเวณสำนักงานเขตบางบอน
28, กรุงเทพ, บริเวณสำนักงานเขตจอมทอง
29, กรุงเทพ, บริเวณสำนักงานเขตบางแค
29, กรุงเทพ, บริเวณสำนักงานเขตหนองแขม
30, กรุงเทพ, บริเวณลานจอดรถด้านหลังอาคารสำนักงานเขตภาษีเจริญ
30, กรุงเทพ, บริเวณสำนักงานเขตบางแค
31, กรุงเทพ, บริเวณสำนักงานเขตทวีวัฒนา
31, กรุงเทพ, บริเวณสำนักงานเขตตลิ่งชัน
32, กรุงเทพ, บริเวณวิทยาลัยเทคโนโลยีสยาม
32, กรุงเทพ, บริเวณลานจอดรถหลังอาคารสำนักงานเขตภาษีเจริญ
32, กรุงเทพ, ศูนย์เยาวชนวัดเวฬุราชิณ
32, กรุงเทพ, บริเวณสำนักงานเขตตลิ่งชัน
32, กรุงเทพ, ลานอเนกประสงค์สำนักงานเขตบางกอกน้อย
33, กรุงเทพ, บริเวณลานอเนกประสงค์สำนักงานเขตบางกอกน้อย
33, กรุงเทพ, บริเวณลานอเนกประสงค์สำนักงานเขตบางพลัด
1, กาญจนบุรี, อาคารศูนย์ท่องเที่ยวเชิงเกษตร (ข้างสำนักงานเกษตรจังหวัดกาญจนบุรี)
2, กาญจนบุรี, สโมรสรอำเภอท่าม่วง (ติดที่ทำการไปรษณีย์อำเภอท่าม่วง)
3, กาญจนบุรี, อาคารป้องกันและบรรเทาสาธารณภัย เทศบาลตำบลท่ามะกา อำเภอท่ามะกา
4, กาญจนบุรี, ศาลาประชาคมอำเภอเลาขวัญ
5, กาญจนบุรี, ศาลาประชาคมอำเภอไทรโยค
1, กาฬสินธุ์, หอประชุมเฉลิมพระเกียรติ 80 พรรษามหาราช ศาลากลางจังหวัดกาฬสินธุ์ (หลังเดิม)
2, กาฬสินธุ์, หอประชุมอำเภอยางตลาด
3, กาฬสินธุ์, หอประชุมอำเภอหนองกุงศรี
4, กาฬสินธุ์, หอประชุมอำเภอสหัสขันธ์
5, กาฬสินธุ์, อาคารเรียนโรงเรียนนามนราษฎร์สงเคราะห์ อำเภอนามน
6, กาฬสินธุ์, หอประชุมอำเภอกุฉินารายณ์
1, กำแพงเพชร, ศาลาอเนกประสงค์วัดพระบรมธาตุ พระอารามหลวง อำเภอเมืองกำแพงเพชร
2, กำแพงเพชร, หอประชุมอำเภอพรานกระต่าย
3, กำแพงเพชร, โดมหน้าที่ทำการองค์การบริหารส่วนตำบลคลองขลุง อำเภอคลองขลุง
4, กำแพงเพชร, หอประชุมเฉลิมพระเกียรติ 80 พรรษา อำเภอขาณุวรลักษบุรี
1, ขอนแก่น, ศูนย์ประชุมและแสดงสินค้านานาชาติขอนแก่น (ไคซ์)
2, ขอนแก่น, หอประชุมโรงเรียนขามแก่นนคร
3, ขอนแก่น, หอประชุมอำเภอกระนวน
4, ขอนแก่น, หอประชุม 100 ปี อำเภอน้ำพอง
5, ขอนแก่น, หอประชุมอำเภอภูเวียง
6, ขอนแก่น, หอประชุมอำเภอชุมแพ
7, ขอนแก่น, หอประชุมอเนกประสงค์อำเภอหนองเรือ
8, ขอนแก่น, หอประชุมอำเภอมัญจาคีรี
9, ขอนแก่น, หอประชุมอำเภอพล
10, ขอนแก่น, หอประชุมอำเภอหนองสองห้อง
11, ขอนแก่น, หอประชุมอำเภอบ้านไผ่
1, จันทบุรี, อาคารอเนกประสงค์เทศบาลตำบลพลับพลานารายณ์
2, จันทบุรี, อาคารอเนกประสงค์ โรงเรียนท่าใหม่ "พลูสวัสดิ์ราษฎร์นุกุล"
3, จันทบุรี, หอประชุมเฉลิมพระเกียรติ ร.9 เทศบาลตาบลปัถวี
1, ฉะเชิงเทรา, ศาลาจัตุรมุข และบริเวณสนามโดยรอบ หน้าศาลากลางจังหวัดฉะเชิงเทรา
2, ฉะเชิงเทรา, โดมโรงเรียนบางน้าเปรี้ยววิทยา (ด้านทิศตะวันตก)
3, ฉะเชิงเทรา, หอประชุมอำเภอสนามชัยเขต ที่ว่าการอำเภอสนามชัยเขต
4, ฉะเชิงเทรา, หอประชุมอำเภอบางปะกง บริเวณลานหน้าที่ว่าการอำเภอบางปะกง
1, ชลบุรี, บริเวณลานหน้าศาลากลางจังหวัดชลบุรี อำเภอเมืองชลบุรี
2, ชลบุรี, ศาลาประชาคมเทศบาลเมืองบ้านสวน อำเภอเมืองชลบุรี
3, ชลบุรี, อาคารโดมโรงเรียนพานทองสภาชนูปถัมภ์ อำเภอพานทอง
4, ชลบุรี, อาคารโดมโรงเรียนบ้านบึง "อุตสาหกรรมนุเคาระห์" อำเภอบ้านบึง
5, ชลบุรี, หอประชุมสวนสาธารณะเฉลิมพระเกียรติเทศบาลเมืองพนัสนิคม อำเภอพนัสนิคม
6, ชลบุรี, อาคารเรียนและอาคารโดมโรงเรียนเทศบาลบ้านศรีมหาราชา อำเภอศรีราชา
7, ชลบุรี, อาคารโดมโรงเรียนบึงศรีราชาพิทยาคม อำเภอศรีราชา
8, ชลบุรี, สนามกีฬาโรงเรียนเมืองพัทยา 2 อำเภอบางละมุง
8, ชลบุรี, อาคารโดมโรงเรียนบางละมุง อำเภอบางละมุง
9, ชลบุรี, อาคารโดมโรงเรียนเมืองพัทยา 7 อำเภอบางละมุง
10, ชลบุรี, อาคารโดมโรงเรียนสิงห์สมุทร ฝั่งมัธยมปลาย อำเภอสัตหีบ
1, ชัยนาท, โดม โรงเรียนชัยนาทพิทยาคม อำเภอเมืองชัยนาท
2, ชัยนาท, โรงเรียนหันคาพิทยาคม อำเภอหันคา
1, ชัยภูมิ, โดมสามเศียร มหาวิทยาลัยการกีฬาแห่งชาติ วิทยาเขตชัยภูมิ อำเภอเมืองชัยภูมิ
2, ชัยภูมิ, อาคารศูนย์กีฬาเฉลิมพระเกียรติเทศบาลตำบลจัตุรัส อำเภอจัตุรัส
3, ชัยภูมิ, หอประชุมอำเภอบำเหน็จณรงค์
4, ชัยภูมิ, หอประชุมอำเภอหนองบัวแดง (หลังใหม่)
5, ชัยภูมิ, อาคารอเนกประสงค์หน้าที่ว่าการอำเภอเกษตรสมบูรณ์
6, ชัยภูมิ, หอประชุมอำเภอภูเขียว
7, ชัยภูมิ, หอประชุมอำเภอแก้งคร้อ
1, ชุมพร, อาคาร 9 และอาคารอเนกประสงค์โดมเฟื่องฟ้า โรงเรียนสอาดเผดิมวิทยา ตำบลท่าตะเภา อำเภอเมืองชุมพร
2, ชุมพร, หอประชุมอเนกประสงค์โรงเรียนท่าแซะรัชดาภิเษก อำเภอท่าแซะ
3, ชุมพร, หอประชุมอำเภอหลังสวน
1, เชียงราย, หอประชุมใหญ่ มหาวิทยาลัยราชภัฏเชียงราย อำเภอเมืองเชียงราย
2, เชียงราย, อาคารกีฬาเฉลิมพระเกียรติ 72 พรรษา (อาคารโรงยิม) ศูนย์กีฬามหาวิทยาลัยแม่ฟ้าหลวง อำเภอเมืองเชียงราย
3, เชียงราย, หอประชุมที่ว่าการอำเภอแม่สรวย
4, เชียงราย, หอประชุมองค์การบริหารส่วนตำบลเมืองพาน อำเภอพาน
5, เชียงราย, หอประชุมที่ว่าการอำเภอขุนตาล
6, เชียงราย, หอประชุมที่ว่าการอำเภอแม่สาย
7, เชียงราย, หอประชุมที่ว่าการอำเภอเชียงแสน
1, เชียงใหม่, ศูนย์ประชุมและแสดงสินค้านานาชาติเชียงใหม่ อำเภอเมืองเชียงใหม่
2, เชียงใหม่, อาคารสายธารธรรม มหาวิทยาลัยพายัพ อำเภอเมืองเชียงใหม่
3, เชียงใหม่, โรงเรียนบ้านหนองโค้ง ตำบลต้นเปา อำเภอสันกำแพง
4, เชียงใหม่, มหาวิทยาลัยแม่โจ้อำเภอสันทราย
5, เชียงใหม่, สำนักงานเทศบาลสันโป่ง อำเภอแม่ริม
6, เชียงใหม่, หอประชุมเทศบาลตำบลเชียงดาว อำเภอเชียงดาว
7, เชียงใหม่, อาคารโดม โรงเรียนบ้านเวียงฝาง อำเภอฝาง
8, เชียงใหม่, อาคารอเนกประสงค์ โรงเรียนเทศบาลหางดง (ประชาคมสร้างสรรค์) (โรงยิม) อำเภอหางดง
9, เชียงใหม่, โรงเรียนศรีจอมทอง ตำบลดอยแก้ว อำเภอจอมทอง
10, เชียงใหม่, สำนักงานเทศบาลตำบลท่าข้าม อำเภอฮอด
1, ตรัง, โรงยิมเนเซียม 4,000 ที่นั่ง สนามกีฬาทุ่งแจ้ง ตำบลบางรัก อำเภอเมืองตรัง
2, ตรัง, โรงเรียนห้วยยอด (กลึงวิทยาคาร) ตำบลห้วยยอด อำเภอห้วยยอด
3, ตรัง, หอประชุมอำเภอปะเหลียน
4, ตรัง, อาคารคอซิมบี้ เทศบาลเมืองกันตัง อำเภอกันตัง
1, ตราด, ศูนย์แสดงสินค้าองค์การบริหารส่วนจังหวัดตราด
1, ตาก, อาคาร 111 ปี โรงเรียนตากพิทยาคม อำเภอเมืองตาก
2, ตาก, ลานหน้าที่ว่าการอำเภอแม่สอด
3, ตาก, หอประชุมที่ว่าการอำเภอแม่ระมาด
1, นครนายก, โรงเรียนนวมราชานุสรณ์ ตำบลท่าช้าง อำเภอเมืองนครนายก
2, นครนายก, อาคารอเนกประสงค์ศูนย์กีฬาเทศบาลตำบลองครักษ์ อำเภอองครักษ์
1, นครปฐม, ปะรำบริเวณหน้าที่ทำการองค์การบริหารส่วนตำบลบางแขม
2, นครปฐม, ปะรำบริเวณอุทยานการอาชีพชัยพัฒนาตำบลบ่อพลับอำเภอเมืองนครปฐม
3, นครปฐม, หอประชุมที่ว่าการอำเภอกำแพงแสน
4, นครปฐม, หอประชุมศาลาประชาคมอำเภอบางเลน
5, นครปฐม, ปะรำด้านข้างหอประชุมอำเภอนครชัยศรี
6, นครปฐม, อาคารปฏิบัติธรรมเฉลิมพระเกียรติ 84 พรรษา มหาราชา วัดไร่ขิง (ฝั่งโรงพยาบาลสามพราน (ไร่ขิง)) ตำบลไร่ขิง อำเภอสามพราน
1, นครพนม, หอประชุมที่ว่าการอำเภอศรีสงคราม
2, นครพนม, หอประชุมที่ว่าการอำเภอท่าอุเทน
2, นครพนม, ศาลาประชาคมยงใจยุทธ ศาลากลางจังหวัดนครพนม อำเภอเมืองนครพนม
3, นครพนม, หอประชุมที่ว่าการอำเภอธาตุพนม
3, นครพนม, หอประชุมโรงเรียนคาเตยอุปถัมภ์ อำเภอเมืองนครพนม
4, นครพนม, หอประชุมที่ว่าการอำเภอปลาปาก
1, นครราชสีมา, โคราช ฮอลล์ ชั้น 4 ศูนย์การค้าเซ็นทรัลพลาซานครราชสีมา อำเภอเมืองนครราชสีมา
2, นครราชสีมา, ศูนย์ฝึกอบรมตำรวจภูธร ภาค 3 อำเภอเมืองนครราชสีมา
3, นครราชสีมา, เทศบาลตำบลเมืองใหม่โคกกรวด อำเภอเมืองนครราชสีมา
4, นครราชสีมา, หอประชุมอำเภอสูงเนิน
5, นครราชสีมา, หอประชุมอำเภอสูงเนิน
6, นครราชสีมา, หอประชุมอำเภอบัวใหญ่
7, นครราชสีมา, หอประชุมอำเภอประทาย
8, นครราชสีมา, หอประชุมอำเภอพิมาย
9, นครราชสีมา, โดมโรงเรียนห้วยแถลงพิทยาคม อำเภอห้วยแถลง
10, นครราชสีมา, หอประชุมอำเภอโชคชัย
11, นครราชสีมา, หอประชุมอำเภอหนองบุญมาก
12, นครราชสีมา, หอประชุมอำเภอปักธงชัย
13, นครราชสีมา, หอประชุมมหาดไทย 100 ปี อำเภอสีคิ้ว
14, นครราชสีมา, ศาลาประชาคมเมืองปากช่อง อำเภอปากช่อง
15, นครราชสีมา, หอประชุมอำเภอด่านขุนทด
16, นครราชสีมา, หอประชุมอำเภอคง
1, นครศรีธรรมราช, โรงเรียนกัลยาณีศรีธรรมราช (อาคารโดม)
2, นครศรีธรรมราช, หอประชุมโรงเรียนพระพรหมพิทยานุสรณ์ อำเภอพระพรหม
3, นครศรีธรรมราช, ศาลาประชาคมที่ว่าการอำเภอปากพนัง
4, นครศรีธรรมราช, หอประชุมโรงเรียนชะอวด อำเภอชะอวด
5, นครศรีธรรมราช, ศาลาประชาคมที่ว่าการอำเภอร่อนพิบูลย์
6, นครศรีธรรมราช, โรงยิมเนเซียมเทศบาลเมืองทุ่งสง
7, นครศรีธรรมราช, โรงเรียนวัดท่ายาง อำเภอทุ่งใหญ่
8, นครศรีธรรมราช, ศาลาประชาคมที่ว่าการอำเภอฉวาง
9, นครศรีธรรมราช, ศาลาประชาคมที่ว่าการอำเภอท่าศาลา
10, นครศรีธรรมราช, ศาลาประชาคมที่ว่าการอำเภอสิชล (หลังเก่า)
1, นครสวรรค์, อาคารกีฬาอเนกประสงค์สนามกีฬาจังหวัดนครสวรรค์ 
2, นครสวรรค์, อาคารอเนกประสงค์คณะครุศาสตร์มหาวิทยาลัยราชภัฎนครสวรรค์(ศูนย์การศึกษาย่านมัทรี) 
3, นครสวรรค์, หอประชุมนิติธรรมคุณ โรงเรียนเก้าเลี้ยววิทยา อำเภอเก้าเลี้ยว 
4, นครสวรรค์, ศาลาประชาคมอำเภอท่าตะโก 
5, นครสวรรค์, ศาลาประชาคมอำเภอตาคลี 
6, นครสวรรค์, ศาลาประชาคมอำเภอลาดยาว
1, นนทบุรี, ศาลากลางจังหวัดนนทบุรี ตำบลบางกระสอ อำเภอเมืองนนทบุรี
2, นนทบุรี, บริเวณสนามกีฬาจังหวัดนนทบุรี (อบจ.นนทบุรี) ตำบลบางกร่าง อำเภอเมืองนนทบุรี
3, นนทบุรี, วัดหูช้าง ตำบลบางคูเวียง อำเภอบางกรวย
4, นนทบุรี, โรงเรียนชลประทานสงเคราะห์ ตำบลบางตลาด อำเภอปากเกร็ด
5, นนทบุรี, วัดสาลีโขภิตาราม หมู่ที่ 3 ตำบลบางพลับ อำเภอปากเกร็ด
6, นนทบุรี, อาคารโดมเทศบาลเมืองบางแม่นาง หมู่ที่ 4 ตำบลบางแม่นาง อำเภอบางใหญ่
7, นนทบุรี, อาคารอเนกประสงค์เทศบาลเมืองพิมลราช ตำบลพิมลราช อำเภอบางบัวทอง
8, นนทบุรี, เทศบาลเมืองบางคูรัด ตำบลบางคูรัด อำเภอบางบัวทอง
1, นราธิวาส, อาคาร 6 โรงเรียนนราธิวาส อำเภอเมืองนราธิวาส
2, นราธิวาส, อาคารรื่นอรุณ เทศบาลเมืองสุไหงโก-ลก อำเภอสุไหงโก-ลก
3, นราธิวาส, อาคารเรียนโรงเรียนเวียงสุวรรณวิทยาคม อำเภอแว้ง
4, นราธิวาส, หอประชุมอำภอระแงะ
5, นราธิวาส, หอประชุมอำเภอบาเจาะ
1, น่าน, อาคารภักดีนวมินทร์ วิทยาลัยเทคนิคน่าน อำเภอเมืองน่าน
2, น่าน, อาคารสาราธิคุณ โรงเรียนสา อำเภอเวียงสา
3, น่าน, ห้องประชุมชมพูภูคา วิทยาลัยเทคนิคปัว อำเภอปัว
1, บึงกาฬ, อาคารสำราญรมย์ โรงเรียนบึงกาฬ อำเภอเมืองบึงกาฬ
2, บึงกาฬ, อาคาร 5 โรงเรียนเซกา อำเภอเซกา
3, บึงกาฬ, โดมโรงอาหาร โรงเรียนโซ่พิทยาคม อำเภอโซ่พิสัย
1, บุรีรัมย์, หอประชุมอำเภอเมืองบุรีรัมย์
2, บุรีรัมย์, หอประชุมโรงเรียนภัทรบพิตร อำเภอเมืองบุรีรัมย์
3, บุรีรัมย์, หอประชุมอำเภอกระสัง
4, บุรีรัมย์, หอประชุมโรงเรียนบ้านสตึก อำเภอสตึก
5, บุรีรัมย์, หอประชุมโรงเรียนอนุบาลพุทไธสง (โอภาสประชานุกูล) อำเภอพุทไธสง
6, บุรีรัมย์, หอประชุมอำเภอลำปลายมาศ
7, บุรีรัมย์, อาคารเฉลิมพระเกียรติ ชั้น 1 โรงเรียนหนองกี่พิทยาคม อำเภอหนองกี่
8, บุรีรัมย์, หอประชุมอำเภอนางรอง
9, บุรีรัมย์, อาคารโดมอเนกประสงค์เทศบาลตำบลละหานทราย อำเภอละหานทราย
10, บุรีรัมย์, หอประชุมอำเภอประโคนชัย
1, ปทุมธานี, โรงเรียนสามโคกตำบลบ้านงิ้ว อำเภอสามโคก
2, ปทุมธานี, อาคารโดมอเนกประสงค์วิทยาลัยการอาชีวศึกษาปทุมธานี
3, ปทุมธานี, โรงเรียนวัดกลางคลองสาม
4, ปทุมธานี, สนามฟุตบอลฟิวเจอร์ อารีน่า
5, ปทุมธานี, โดมวัดหว่านบุญ ตำบลคลองหก อำเภอคลองหลวง
6, ปทุมธานี, อาคารอเนกประสงค์เทศบาลเมืองคูคต อำเภอลำลูกกา
7, ปทุมธานี, มหาวิทยาลัยการกีฬาแห่งประเทศ วิทยาเขตกรุงเทพ ตำบลบึงน้ำรักษ์ อำเภอธัญบุรี
1, ประจวบคีรีขันธ์, หอประชุมโรงเรียนเทศบาลวัดธรรมิการาม อำเภอเมืองประจวบคีรีขันธ์
2, ประจวบคีรีขันธ์, บริเวณสนามหน้าที่ว่าการอำเภอปราณบุรี อำเภอปราณบุรี
3, ประจวบคีรีขันธ์, หอประชุมที่ว่าการอำเภอบางสะพาน อำเภอบางสะพาน
1, ปราจีนบุรี, โรงเรียนปราจิณราษฎรอำรุง อำเภอเมืองปราจีนบุรี
2, ปราจีนบุรี, โรงเรียนศรีมหาโพธิ อำเภอศรีมหาโพธิ
3, ปราจีนบุรี, โรงเรียนกบินทร์วิทยา อำเภอกบินทร์บุรี
1, ปัตตานี, อาคารอเนกประสงค์ สนามกีฬากลางองค์การบริหารส่วนจังหวัดปัตตานี
2, ปัตตานี, หอประชุมที่ว่าการอำเภอโคกโพธิ์
3, ปัตตานี, หอประชุมที่ว่าการอำเภอยะรัง
4, ปัตตานี, หอประชุมที่ว่าการอำเภอสายบุรี
5, ปัตตานี, หอประชุมที่ว่าการอำเภอยะหริ่ง
1, พระนครศรีอยุธยา, Ayyuthaya Hall ชั้น 2 เซ็ลทรัลพลาซา อยุธยา
2, พระนครศรีอยุธยา, อาคารสภาวสุ โรงเรียนวัดอินกัลยา
3, พระนครศรีอยุธยา, ห้องประชุมโรงเรียนวิเชียรกลิ่นสุคนธ์อุปถัมภ์
4, พระนครศรีอยุธยา, โรงเรียนบางปะอิน "ราชานุเคราะห์ 1"
5, พระนครศรีอยุธยา, โดมอเนกประสงค์วัดบ้านแพน
1, พะเยา, ศาลาประชาคมจังหวัดพะเยา
1, พะเยา, อาคาร 99 ปี พระอุบาลี มหาวิทยาลัยพะเยา
2, พะเยา, หอประชุมโรงเรียนเชียงคำวิทยาคม
3, พะเยา, หอประชุมโรงเรียนดอกคำใต้วิทยาคม
1, พังงา, อาคารกีฬาคุณธรรม โรงเรียนเทศบาลบ้านท้ายช้าง อำเภอเมืองพังงา
2, พังงา, อาคารอเนกประสงค์เทศบาลตำบลลำแก่น อำเภอท้ายเหมือง
1, พัทลุง, ใต้อาคารหอประชุมจังหวัดพัทลุง
2, พัทลุง, หอประชุมอินทนิล โรงเรียนควนขนุน
3, พัทลุง, หอประชุมโรงเรียนตะโหมด
1, พิจิตร, หอประชุมอำเภอเมืองพิจิตร จังหวัดพิจิตร
2, พิจิตร, อาคารอเนกประสงค์ เทศบาลเมืองตะพานหิน
3, พิจิตร, หอประชุมอำเภอโพทะเล จังหวัดพิจิตร
1, พิษณุโลก, หอประชุมศรีวชิรโชติ มหาวิทยาลัยราชภัฏพิบูลสงคราม
2, พิษณุโลก, บริเวณศูนย์ประสานแผนพัฒนาท้องถิ่นประจำอำเภอพรหมพิราม
3, พิษณุโลก, บริเวณศูนย์ประสานแผนพัฒนาท้องถิ่นประจำอำเภอวังทอง
4, พิษณุโลก, บริเวณศูนย์ประสานแผนพัฒนาท้องถิ่นประจำอำเภอบางระกำ
5, พิษณุโลก, บริเวณหอประชุมศูนย์ประสานแผนพัฒนาท้องถิ่นประจำอำเภอนครไทย
1, เพชรบุรี, หอประชุมวิทยาลัยอาชีวศึกษาเพชรบุรี อำเภอเมืองเพชรบุรี
2, เพชรบุรี, โรงเรียนเทศบาล 1 บ้านชะอำ อำเภอชะอำ
3, เพชรบุรี, หอประชุมที่ว่าการอำเภอเขาย้อย
1, เพชรบูรณ์, หอประชุมองค์การบริหารส่วนจังหวัดเพชรบูรณ์
2, เพชรบูรณ์, หอประชุมอำเภอหล่มสัก
3, เพชรบูรณ์, หอประชุมอำเภอหล่มเก่า
4, เพชรบูรณ์, หอประชุมอำเภอชนแดน
5, เพชรบูรณ์, หอประชุมอำเภอบึงสามพัน
6, เพชรบูรณ์, หอประชุมอำเภอวิเชียรบุรี (อาคารหลังใหม่)
1, แพร่, ลานวัฒนธรรมองค์การบริหารส่วนจังหวัดแพร่ ตำบลในเวียง อำเภอเมืองแพร่
2, แพร่, หอประชุมโรงเรียนร้องกวางอนุสรณ์ อำเภอร้องกวาง
3, แพร่, โดมอเนกประสงค์โรงเรียนลองวิทยา อำเภอลอง
1, ภูเก็ต, ศาลาประชาคมองค์การบริหารส่วนจังหวัดภูเก็ต
2, ภูเก็ต, สวนศรีภูวนารถ หมู่ที่ 1 ตำบลวิชิต อำเภอเมืองภูเก็ต
3, ภูเก็ต, โรงเรียนเชิงทะเลวิทยาคม "จุติ-ก้อง อนุสรณ์"
1, มหาสารคาม, หอประชุมโรงเรียนผดุงนารี อำเภอเมืองมหาสารคาม
2, มหาสารคาม, หอประชุมที่ว่าการอำเภอวาปีปทุม
3, มหาสารคาม, หอประชุมอำเภอพยัคฆภูมิพิสัย
4, มหาสารคาม, หอประชุมที่ว่าการอำเภอบรบือ
5, มหาสารคาม, หอประชุมที่ว่าการอำเภอโกสุมพิสัย
6, มหาสารคาม, หอประชุมที่ว่าการอำเภอเชียงยืน
1, มุกดาหาร, หอประชุมอำเภอเมืองมุกดาหาร
2, มุกดาหาร, ศาลาประชาคมอำเภอคำชะอี
1, แม่ฮ่องสอน, ศาลาประชาคมองค์การบริหารส่วนจังหวัดแม่ฮ่องสอน อำเภอเมือง แม่ฮ่องสอน
2, แม่ฮ่องสอน, หอประชุมอำเภอแม่สะเรียง ตำบลแม่สะเรียง อำเภอแม่สะเรียง
1, ยโสธร, โดมอเนกประสงค์โรงเรียนยโสธรพิทยาคม อำเภอเมืองยโสธร
2, ยโสธร, อาคารอเนกประสงค์เทศบาลตำบลฟ้าหยาด ตำบลฟ้าหยาด อำเภอมหาชนะชัย
3, ยโสธร, โดมอเนกประสงค์ที่ว่าการอำเภอกุดชุม ตำบลกุดชุม อำเภอกุดชุม
1, ยะลา, อาคารศรีนิบง ศูนย์เยาวชนเทศบาลนครยะลา อำเภอเมืองยะลา
2, ยะลา, โรงเรียนบ้านยะหา อำเภอยะหา
3, ยะลา, ศาลาเฉลิมพระเกียรติ 80 พรรษา ศาลาประชาคมเทศบาลเมืองเบตง อำเภอเบตง
3, ยะลา, โรงเรียนบันนังสตาอินทรฉัตร อำเภอบันนังสตา
1, ร้อยเอ็ด, บริเวณด้านล่างอาคารกองร้อยบังคับการและบริการ กองบังคับการกองอาสา รักษาดินแดนจังหวัดร้อยเอ็ด อำเภอเมืองร้อยเอ็ด
2, ร้อยเอ็ด, หอประชุมที่ว่าการอำเภอเชียงขวัญ
3, ร้อยเอ็ด, หอประชุมที่ว่าการอำเภอโพนทอง
4, ร้อยเอ็ด, หอประชุมที่ว่าการอำเภอเสลภูมิ
5, ร้อยเอ็ด, หอประชุมที่ว่าการอำเภออาจสามารถ
6, ร้อยเอ็ด, หอประชุมที่ว่าการอำเภอสุวรรณภูมิ
7, ร้อยเอ็ด, หอประชุมที่ว่าการอำเภอเกษตรวิสัย
8, ร้อยเอ็ด, หอประชุมที่ว่าการอำเภอจตุรพักตรพิมาน
1, ระนอง, อาคารเฉลิมพระเกียรติ 80 พรรษา องค์การบริหารส่วนจังหวัดระนอง ตำบลบางริ้น อำเภอเมืองระนอง
1, ระยอง, โรงเรียนมาบตาพุดพันพิทยาคาร อำเภอเมืองระยอง
2, ระยอง, โรงเรียนมัธยมตากสินระยอง อำเภอเมืองระยอง
3, ระยอง, ศาลาเศรษฐกิจพอเพียง ที่ว่าการอำเภอแกลง
4, ระยอง, โรงเรียนอนุบาลนานาชาติตากสิน บ้านค่าย (วัดหวายกรอง) อำเภอบ้านค่าย
5, ระยอง, โรงเรียนวัดบ้านฉาง อำเภอบ้านฉาง
1, ราชบุรี, สนามฟุตซอลโรงยิมเนเซียมราชบุรี
2, ราชบุรี, โรงเรียนรัฐราษฎร์อุปถัมภ์ อำเภอเมืองราชบุรี
3, ราชบุรี, สำนักงานเขตพื้นที่การศึกษาประถมศึกษาราชบุรี เขต 2 อำเภอโพธาราม
4, ราชบุรี, โรงเรียนวัดบ้านโป่ง "สามัคคีคุณูปถัมภ์" อำเภอบ้านโป่ง
5, ราชบุรี, โรงเรียนวัดอมรญาติสมาคม อำเภอดำเนินสะดวก
1, ลพบุรี, โรงยิมกาฬวรรณดิส สนามกีฬาพระราเมศวร อำเภอเมืองลพบุรี
2, ลพบุรี, หอประชุมป่าสักชลสิทธิ์ โรงเรียนพัฒนานิคม อำเภอพัฒนานิคม
3, ลพบุรี, โดมอเนกประสงค์ สนามกีฬาเทศบาลเมืองบ้านหมี่ อำเภอบ้านหมี่
4, ลพบุรี, โดมอเนกประสงค์ โรงเรียนโคกสำโรง อำเภอโคกสำโรง
5, ลพบุรี, โดมอเนกประสงค์ โรงเรียนอนุบาลลำนารายณ์ อำเภอชัยบาดาล
1, ลำปาง, อาคารโรงอาหาร มหาวิทยาลัยการกีฬาแห่งชาติ วิทยาเขตลำปาง
2, ลำปาง, หอประชุมอำเภอแจ้ห่ม
3, ลำปาง, หอประชุมจันทร์ผา มหาวิทยาลัยราชภัฎลำปาง อำเภอเมืองลำปาง
4, ลำปาง, หอประชุมที่ว่าการอำเภอสบปราบ
1, ลำพูน, อาคารหอประชุมองค์การบริหารส่วนจังหวัดลำพูน อำเภอเมืองลำพูน
2, ลำพูน, อาคารหอประชุมโรงเรียนธีรกานท์บ้านโฮ่ง อำเภอบ้านโฮ่ง
1, เลย, ศูนย์กีฬาเยาวชนเทศบาลเมืองเลย
2, เลย, หอประชุมอำเภอวังสะพุง
3, เลย, หอประชุมอำเภอด่านซ้าย
4, เลย, ศาลาประชาคมอำเภอเชียงคาน
1, ศรีสะเกษ, หอประชุมเฉลิมพระเกียรติฉลองสิริราชสมบัติ ครบ 60 ปี
2, ศรีสะเกษ, หอประชุมอำเภอกันทรารมย์
3, ศรีสะเกษ, หอประชุมที่ว่าการอำเภอศรีรัตนะ
4, ศรีสะเกษ, หอประชุมที่ว่าการอำเภอกันทรลักษ์
5, ศรีสะเกษ, หอประชุมโรงเรียนขุนหาญวิทยาสรรค์
6, ศรีสะเกษ, หอประชุมที่ว่าการอำเภอขุขันธ์
7, ศรีสะเกษ, หอประชุมที่ว่าการอำเภอปรางค์กู่
8, ศรีสะเกษ, หอประชุมที่ว่าการอำเภออุทุมพรพิสัย
9, ศรีสะเกษ, หอประชุมที่ว่าการอำเภอราษีไศล
1, สกลนคร, หอประชุมกองกำกับการตำรวจตระเวนชายแดนที่ 23 อำเภอเมืองสกลนคร
2, สกลนคร, หอประชุมอำเภอโคกศรีสุพรรณ
3, สกลนคร, หอประชุมอำเภอพรรณานิคม (หลังใหม่)
4, สกลนคร, หอประชุมอำเภอวาริชภูมิ
5, สกลนคร, หอประชุมอำเภอสว่างแดนดิน
6, สกลนคร, หอประชุมอำเภอวานรนิวาส
7, สกลนคร, หอประชุมอำเภอบ้านม่วง
1, สงขลา, อาคารศูนย์กีฬาเฉลิมพระเกียรติ โรงเรียนนวมินทราชูทิศ ทักษิณ อำเภอเมืองสงขลา
2, สงขลา, สนามฟุตซอล สนามกีฬาจิระนคร อำเภอหาดใหญ่
3, สงขลา, สำนักงานเทศบาลเมืองคอหงส์ (แห่งใหม่) ตำบลคอหงส์ อำเภอหาดใหญ่
4, สงขลา, ศาลาประชาคมที่ว่าการอำเภอสทิงพระ
5, สงขลา, หอประชุมโรงเรียนควนเนียงวิทยา อำเภอควนเนียง
6, สงขลา, สะเดา อำเภอสะเดา
7, สงขลา, ศาลาประชาคมที่ว่าการอำเภอนาทวี
8, สงขลา, หอประชุมโรงเรียนบ้านนา อำเภอจะนะ
9, สงขลา, โรงยิมเนเซี่ยมโรงเรียนหาดใหญ่รัฐประชาสรรค์ อำเภอหาดใหญ่
1, สตูล, หอประชุมวิทยาลัยเทคนิคสตูล ช้ันล่าง ตำบลพิมาน อำเภอเมืองสตูล
2, สตูล, หอประชุมโรงเรียนละงูพิทยาคม ตำบลละงู อำเภอละงู
1, สมุทรปราการ, ลานจอดรถหน้าศาลากลางจังหวัดสมุทรปราการ
2, สมุทรปราการ, ศูนย์ประชุม ซีคอมเพล็กซ์บางปู สำนักงานเทศบาลตำบลบางปู
3, สมุทรปราการ, ลานอเนกประสงค์สำนักงานเทศบาลตำบลเทพารักษ์
4, สมุทรปราการ, โรงเรียนบางพลีราษฎร์บำรุง
5, สมุทรปราการ, โรงเรียนพลูเจริญวิทยาคม
6, สมุทรปราการ, โรงเรียนราชประชาสมาสัยฝ่ายมัธยม รัชดาภิเษก ในพระบรมราชูปถัมภ์
7, สมุทรปราการ, โรงเรียนป้อมนาคราชสวาทยานนท์
8, สมุทรปราการ, โรงเรียนบางบ่อวิทยาคม
1, สมุทรสงคราม, โดมน้ำเงินโรงเรียนศรัทธาสมุทร ตำบลลาดใหญ่ อำเภอเมืองสมุทรสงคราม
1, สมุทรสาคร, โรงเรียนสมุทรสาครวิทยาลัย อำเภอเมืองสมุทรสาคร
2, สมุทรสาคร, เทศบาลนครอ้อมน้อย อำเภอกระทุ่มแบน
3, สมุทรสาคร, ศาลาประชาคมอำเภอบ้านแพ้ว
1, สระแก้ว, หอประชุมที่ว่าการอำเภอเมืองสระแก้ว
2, สระแก้ว, หอประชุมที่ว่าการอำเภอวัฒนานคร
3, สระแก้ว, อาคารอเนกประสงค์เทศบาลเมืองอรัญญประเทศ
1, สระบุรี, อาคารโดมอเนกประสงค์สนามกีฬาองค์การบริหารส่วนจังหวัดสระบุรี
2, สระบุรี, หอประชุมอำเภอแก่งคอยและบริเวณโดยรอบ (บริเวณด้านใน)
3, สระบุรี, หอประชุมอำเภอหนองแคและบริเวณโดยรอบ
3, สระบุรี, ศาลาประชาคม อำเภอพระพุทธบาท
1, สิงห์บุรี, อาคารอเนกประสงค์ (โดม) โรงเรียนสิงห์บุรี อำเภอเมืองสิงห์บุรี
1, สุโขทัย, โดมโรงเรียนอุดมดรุณี อำเภอเมืองสุโขทัย
2, สุโขทัย, หอประชุมที่ว่าการอำเภอคีรีมาศ
3, สุโขทัย, หอประชุมที่ว่าการอำเภอสวรรคโลก
4, สุโขทัย, หอประชุมที่ว่าการอำเภอศรีสัชนาลัย
1, สุพรรณบุรี, หอประชุม 1 โรงเรียนกรรณสูตศึกษาลัย อำเภอเมืองสุพรรณบุรี
2, สุพรรณบุรี, อาคารอเนกประสงค์ (โดม) โรงเรียนบางปลาม้า "สูงสุมารผดุงวิทย์" อำเภอบางปลาม้า
3, สุพรรณบุรี, อาคารศูนย์บริการชุมชน โรงเรียนอู่ทอง อำเภออู่ทอง
4, สุพรรณบุรี, อาคารโดม โรงเรียนธรรมโชติศึกษาลัย อำเภอเดิมบางนางบวช
5, สุพรรณบุรี, อาคารโดม โรงเรียนบรรหารแจ่มใสวิทยา 1 อำเภอดอนเจดีย์
1, สุราษฎร์ธานี, หอประชุมโรงเรียนสุราษฎร์ธานี อำเภอเมืองสุราษฎร์ธานี
2, สุราษฎร์ธานี, โรงเรียนองค์การบริหารส่วนจังหวัดสุราษฎร์ธานี1(ดอนสักผดุงวิทย์) อำเภอดอนสัก
2, สุราษฎร์ธานี, หอประชุมกาญจนาภิเษก อำเภอเกาะสมุย 
3, สุราษฎร์ธานี, ศาลาประชาคมอำเภอบ้านนาสาร
4, สุราษฎร์ธานี, โรงเรียนวัดตรณาราม อำเภอพุนพิน
5, สุราษฎร์ธานี, หอประชุมวิภาวดี อำเภอพระแสง
6, สุราษฎร์ธานี, โรงเรียนกาญจนาภิเษกวิทยาลัย สุราษฎร์ธานี ตำบลเลม็ด อำเภอไชยา
7, สุราษฎร์ธานี, มหาวิทยาลัยราชภัฎสุราษฎร์ธานี อำเภอเมืองสุราษฎร์ธานี
1, สุรินทร์, หอประชุมองค์การบริหารส่วนจังหวัดสุรินทร์
2, สุรินทร์, หอประชุมอำเภอเขวาสินรินทร์
3, สุรินทร์, หอประชุมอำเภอจอมพระ
4, สุรินทร์, หอประชุมอำเภอรัตนบุรี
5, สุรินทร์, หอประชุมอำเภอศีขรภูมิ
6, สุรินทร์, หอประชุมอำเภอสังขะ
7, สุรินทร์, หอประชุมอาเภอปราสาท
8, สุรินทร์, หอประชุมอำเภอกาบเชิง
1, หนองคาย, หอประชุมอำเภอเมืองหนองคาย (หลังเดิม)
2, หนองคาย, หอประชุมอำเภอโพนพิสัย
3, หนองคาย, หอประชุมเทสก์รังสี ที่ว่าการอำเภอศรีเชียงใหม่
1, หนองบัวลำภู, หอประชุมอำเภอเมืองหนองบัวลำภู
2, หนองบัวลำภู, หอประชุมอำเภอศรีบุญเรือง
3, หนองบัวลำภู, หอประชุมอำเภอนากลาง (หลังเก่า)
1, อ่างทอง, อาคารใต้ร่มพระบารมี (โดม) โรงเรียนสตรีอ่างทอง อำเภอเมืองอ่างทอง
2, อ่างทอง, หอประชุมอำเภอโพธ์ทอง (ส่วนหน้า)
1, อำนาจเจริญ, หอประชุมศรีอำนาจ โรงเรียนอำนาจเจริญ
2, อำนาจเจริญ, หอประชุมโรงเรียนปทุมราชวงศา
1, อุดรธานี, ห้องประชุมโรงเรียนเทศบาล 6 เทศบาลนครอุดรธานี
2, อุดรธานี, สำนักงานเทศบาลตำบลหนองบัว
3, อุดรธานี, หอประชุมอำเภอสร้างคอม
4, อุดรธานี, หอประชุมอำเภอบ้านดุง
5, อุดรธานี, หอประชุมอำเภอหนองหาน
6, อุดรธานี, หอประชุมอำเภอศรีธาตุ
7, อุดรธานี, หอประชุมอำเภอกุมภวาปี
8, อุดรธานี, หอประชุมอำเภอหนองวัวซอ
9, อุดรธานี, หอประชุมอำเภอกุดจับ
10, อุดรธานี, หอประชุมบริบาลภูมิเขตต์ (อำเภอบ้านผือ)
1, อุตรดิตถ์, บริเวณอาคารอเนกประสงค์ สนามกีฬาพระยาพิชัยดาบหัก
2, อุตรดิตถ์, หอประชุมที่ว่าการอำเภอน้ำปาด
3, อุตรดิตถ์, หอประชุมที่ว่าการอำเภอพิชัย
1, อุทัยธานี, ห้องประชุมอาคารเฉลิมพระเกียรติ (อาคาร 2) มหาวิทยาลัยรามคำแหง สาขาวิทยบริการฯ จังหวัดอุทัยธานี ตำบลสะแกกรัง อำเภอเมืองอุทัยธานี
2, อุทัยธานี, บริเวณโรงเรียนการุ้งวิทยาคม ตำบลเมืองการุ้ง อำเภอบ้านไร่
1, อุบลราชธานี, ศูนย์แสดงและจัดจำหน่ายสินค้าหนึ่งตำบลหนึ่งผลิตภัณฑ์ (OTOP CENTER) ตำบลในเมือง อำเภอเมืองอุบลราชธานี
2, อุบลราชธานี, หอประชุมอำเภอเขื่องใน
3, อุบลราชธานี, หอประชุมอำเภอม่วงสามสิบ
4, อุบลราชธานี, หอประชุมอำเภอวารินชำราบ (อาคารใหม่)
5, อุบลราชธานี, หอประชุมอำเภอตระการพืชผล
6, อุบลราชธานี, หอประชุมอำเภอเขมราฐ
7, อุบลราชธานี, หอประชุมอำเภอศรีเมืองใหม่
8, อุบลราชธานี, หอประชุมอำเภอพิบูลมังสาหาร
9, อุบลราชธานี, หอประชุมอำเภอบุญฑริก
10, อุบลราชธานี, หอประชุมอำเภอทุ่งศรีอุดม
11, อุบลราชธานี, หอประชุมอำเภอเดชอุดม